username;date;retweets;favorites;text;geo;mentions;hashtags;id;permalink;sentimiento;rango
PIDamazonia;2019-11-20 17:39;0;0;"MeUnoXLaAmazonia Gobiernos indigenas de Vaupes y Amazonas presentaron accion de tutela contra el Estado colombiano que por accion u omision ha permitido la explotacion criminal de oro y el vertimiento de mercurio en sus territorios";;;# MeUnoXLaAmazonia;"1197283281454215169";https://twitter.com/PIDamazonia/status/1197283281454215169;Tendencia negativa;0.3764713695772481
emisoraejercito;2019-11-20 16:49;1;3;"Personal del regional Amazonas a traves de nuestra emisora ColombiaEstereo 88 5 Fm hablaron sobre la prevencion de consumo de sustancias alucinogenas OrgullosoDeMiEjercito YoSoyColombiaEstereo";;@ ICBFColombia;# ColombiaEstereo# OrgullosoDeMiEjercito# YoSoyColombiaEstereopic;"1197270782453399552";https://twitter.com/emisoraejercito/status/1197270782453399552;Muy negativo;0.059189536544387626
NoticiasAmazon;2019-11-20 16:35;0;0;"Emilia Clarke confeso que los productores de GOT la presionaban en las escenas de desnudos Cine y Tv Cultura Noticias colombia actualidad amazonas noticiasamazonas";;;# Noticias# colombia# actualidad# amazonas# noticiasamazonas;"1197267188442419201";https://twitter.com/NoticiasAmazon/status/1197267188442419201;Muy negativo;0.18479392456303004
NoticiasAmazon;2019-11-20 16:16;0;0;"Principe Andres anuncia retiro de la vida publica tras escandalo de acoso Europa Internacional Noticias colombia actualidad amazonas noticiasamazonas";;;# Noticias# colombia# actualidad# amazonas# noticiasamazonas;"1197262395921616898";https://twitter.com/NoticiasAmazon/status/1197262395921616898;Muy negativo;0.05343543591125036
agenciamazonate;2019-11-20 16:00;0;1;"ViajaAlAmazonas Por estas fechas en el Amazonas inicias los recorridos guiados en selva inundable otra experiencia que podras disfrutar y vivir Conoce nuestros recorridos AmazonasUnDestinoPorVivir";;;# ViajaAlAmazonas# Amazonas# selva# AmazonasUnDestinoPorVivirpic;"1197258317434933248";https://twitter.com/agenciamazonate/status/1197258317434933248;Muy positivo;0.9882601675457438
CTColombia;2019-11-20 15:56;0;0;"InvestigacionNacionalCT Cuantos proyectos se han aprobado en el Amazonas desde el 2012 con presupuesto de las Conozca el porcentaje de ejecucion legalidad y desempeno economico";;@ Regalias_gov;# InvestigacionNacionalCT;"1197257496827760640";https://twitter.com/CTColombia/status/1197257496827760640;Muy negativo;0.0180743207438198
UnidadVictimas;2019-11-20 15:54;0;3;"Director de anuncio la protocolizacion del Plan de Reparacion Colectiva de los 16 sujetos etnicos del Amazonas y dijo que este avance fue posible gracias al trabajo conjunto con las comunidades y al apoyo del gobierno nacional UnidosPorLasVictimas";;@ UnidadVictimas@ RamonRguezA;# Amazonas# UnidosPorLasVictimaspic;"1197256993263751169";https://twitter.com/UnidadVictimas/status/1197256993263751169;Tendencia positiva;0.5211111548526212
UnidadVictimas;2019-11-20 15:54;0;4;"Director de en Amazonas con los pueblos indigenas haciendo el anuncio de la reparacion colectiva a 16 sujetos etnicos UnidosPorLasVictimas";;@ UnidadVictimas@ RamonRguezA;# Amazonas# UnidosPorLasVictimaspic;"1197256952667156481";https://twitter.com/UnidadVictimas/status/1197256952667156481;Tendencia positiva;0.5977577782777892
mincultura;2019-11-20 15:35;0;0;"Kaurepata biblioteca Kaurepata construida teniendo como referente las complejas estructuras que los pajaros Arrendajos del Amazonas ya beneficia al pueblo Tikuna Conoce su historia NoParamosAvanzamos";;;# NoParamosAvanzamos;"1197252087521918976";https://twitter.com/mincultura/status/1197252087521918976;Muy positivo;0.9839062057510727
agenciamazonate;2019-11-20 15:32;0;0;"RecomendacionDelDia es nuestro blog de un top 5 de las flores mas exoticas que se pueden encontrar en el Amazonas donde gracias a las condiciones climatologicas se dan muy bien en esta region AmazonasUnDestinoPorVivir";;;# RecomendacionDelDia# blog# Amazonas# AmazonasUnDestinoPorVivir;"1197251483647070209";https://twitter.com/agenciamazonate/status/1197251483647070209;Tendencia positiva;0.5460399472949334
agenciamazonate;2019-11-20 15:25;0;0;"Top 5 de las flores mas exoticas del Amazonas";;;;"1197249723268259842";https://twitter.com/agenciamazonate/status/1197249723268259842;Muy positivo;0.6529809402809191
UnidadVictimas;2019-11-20 15:25;1;3;"Lideres tradicionales de la comunidad ticuna hablan a su comunidad y a la sobre la importancia de la protocolizacion de 16 Sujetos Etnicos de Reparacion Colectiva en el Amazonas UnidosPorLasVictimas";;@ UnidadVictimas;# UnidosPorLasVictimaspic;"1197249650958491649";https://twitter.com/UnidadVictimas/status/1197249650958491649;Muy positivo;0.911223156018535
UnidadVictimas;2019-11-20 15:10;0;1;"Con un rito de armonizacion por parte de la comunidad de Santa Sofia Amazonas se da inicio a la protocolizacion de 16 planes de Reparacion Colectiva donde se beneficiaran 26 pueblos de la cuenca amazonica con una inversion de 4 mil millones de pesos UnidosPorLasVictimas";;;# UnidosPorLasVictimaspic;"1197245852236025856";https://twitter.com/UnidadVictimas/status/1197245852236025856;Muy negativo;0.07281808177506656
UnidadVictimas;2019-11-20 15:09;6;15;"La fue denominada por las comunidades etnicas del Amazonas como entidad madre luego del anuncio del inicio de 16 planes de reparacion colectiva que beneficia a 26 pueblos UnidosPorLasVictimas";;@ UnidadVictimas;# Amazonas# UnidosPorLasVictimashttps;"1197245552691490817";https://twitter.com/UnidadVictimas/status/1197245552691490817;Muy negativo;0.08738012694772854
NoticiasAmazon;2019-11-20 14:45;0;0;"Joker tendra segunda parte en el cine Cine y Tv Cultura Noticias colombia actualidad amazonas noticiasamazonas";;;# Noticias# colombia# actualidad# amazonas# noticiasamazonas;"1197239521122955264";https://twitter.com/NoticiasAmazon/status/1197239521122955264;Tendencia positiva;0.5347795543094432
UnidadVictimas;2019-11-20 14:37;0;1;"Unidad para las Victimas formaliza 16 planes de reparacion colectiva para pueblos indigenas de Amazonas UnidosPorLasVictimas";;;# UnidosPorLasVictimas;"1197237634084589568";https://twitter.com/UnidadVictimas/status/1197237634084589568;Muy negativo;0.09397034146311248
UnidadVictimas;2019-11-20 14:31;0;0;"Acto de protocolizacion de los 16 planes de reparacion colectiva para pueblos indigenas del Amazonas UnidosPorLasVictimas";;;# Amazonas# UnidosPorLasVictimaspic;"1197236122339946496";https://twitter.com/UnidadVictimas/status/1197236122339946496;Muy negativo;0.23680296521147054
NoticiasAmazon;2019-11-20 14:29;0;0;"Netflix producira dos nuevas series en Colombia Cine y Tv Cultura Noticias colombia actualidad amazonas noticiasamazonas";;;# Noticias# colombia# actualidad# amazonas# noticiasamazonas;"1197235529147924485";https://twitter.com/NoticiasAmazon/status/1197235529147924485;Tendencia negativa;0.3353949342093072
UnidadVictimas;2019-11-20 13:52;0;1;"protocoliza hoy 16 planes de Reparacion Colectiva para pueblos indigenas del Amazonas UnidosPorLasVictimas";;@ UnidadVictimas;# Amazonas# UnidosPorLasVictimaspic;"1197226206598443008";https://twitter.com/UnidadVictimas/status/1197226206598443008;Muy negativo;0.20671798398791436
STransparencia;2019-11-20 11:35;1;1;"AMAZONAS En reunion con jefe seccional de Fiscalias y Fiscal Anticorrupcion se abordaron temas de ComisionRegionalDeMoralizacion como avance de casos priorizados cierre de plan bianual y conmemoracion del Dia Internacional de Lucha Contra la Corrupcion EligeTransparencia";;;# AMAZONAS# ComisionRegionalDeMoralizacion# EligeTransparenciapic;"1197191639565029376";https://twitter.com/STransparencia/status/1197191639565029376;Muy negativo;0.048644172257298814
Colombianvacat;2019-11-20 10:25;0;0;"BLACK FRIDAY pagas 2 y viajan 3 todo incluido Amazonas 1 998 000 LaGuajira 2 258 000 curacao 4 508 000 sanandres 2 058 000 precios por 3 20Nov FelizMiercoles viajarmehaensenado pereira Medellin Bogota CaliCo";;;# Amazonas# LaGuajira# curacao# sanandres# 20Nov# FelizMiercoles# viajarmehaensenado# pereira# Medellin# Bogota# CaliCo;"1197174085727469574";https://twitter.com/Colombianvacat/status/1197174085727469574;Tendencia positiva;0.5242037725303056
NoticiasAmazon;2019-11-20 10:15;0;0;"The Hard Rock Hotel in Punta Cana continues to be innovated and for this it has managed to open a new attraction on August 9 of this year 2019 hardrock hardrockpuntacana";;;# hardrock# hardrockpuntacana;"1197171547108265985";https://twitter.com/NoticiasAmazon/status/1197171547108265985;Tendencia negativa;-0.051767676767676775
agenciamazonate;2019-11-20 09:40;0;0;"AmazonateRecomienda Recuerda usar bloqueador solar en rostro cuello y brazos antes de iniciar tus actividades en el Amazonas pues esto protegera tu piel de una deshidratacion Lee mas recomendaciones aqui AmazonasUnDestinoPorVivir";;;# AmazonateRecomienda# Amazonas# AmazonasUnDestinoPorVivirpic;"1197162843378003969";https://twitter.com/agenciamazonate/status/1197162843378003969;Muy negativo;0.17818141057948209
fundacionnatura;2019-11-20 09:28;2;2;"Se apela siempre a la soberania y Brasil es un claro ejemplo Bolsonaro menciona que el Amazonas brasilero hace parte de su territorio y en la jerarquia politica pesa mas la constitucion politica de cada pais";;@ RodrigoENegretepic;;"1197159673985667072";https://twitter.com/fundacionnatura/status/1197159673985667072;Muy negativo;0.22081350725691026
humanophir;2019-11-20 09:24;3;19;"Acuerdense de parar tambien por los Paramos por los tiburones por la construccion del puerto de Tribuga y el de las Americas paren por la proteccion y preservacion de la biodiversidad por la tierra Amazonas que es fuertemente explotada deforestada y destruida";;;;"1197158690887000065";https://twitter.com/humanophir/status/1197158690887000065;Tendencia positiva;0.6065069962675532
NoticiasAmazon;2019-11-20 04:20;0;0;"Elias Koury Guevara y Venezuela Noticias colombia actualidad amazonas noticiasamazonas";;;# Noticias# colombia# actualidad# amazonas# noticiasamazonas;"1197082366046613512";https://twitter.com/NoticiasAmazon/status/1197082366046613512;Muy negativo;0.097314620327779
NoticiasAmazon;2019-11-20 04:11;0;0;"Las decisiones de Alejandro Ruiz Mazzeo Noticias colombia actualidad amazonas noticiasamazonas";;;# Noticias# colombia# actualidad# amazonas# noticiasamazonas;"1197079987226120192";https://twitter.com/NoticiasAmazon/status/1197079987226120192;Muy negativo;0.09659056460038709
VetCAV;2019-11-19 23:14;0;1;"Un dia pasado por mucha agua rayos y barro en las Sabanas del Yari ViajaColombia Caqueta CorredorJaguar Lluvia Amazonas";;;# ViajaColombia# Caqueta# CorredorJaguar# Lluvia# Amazonas;"1197005259626950656";https://twitter.com/VetCAV/status/1197005259626950656;Muy positivo;0.9170707149916133
NoticiasAmazon;2019-11-19 19:56;0;0;"Asi es pasar un dia en el interior del crucero Disney Wonder que estuvo en Cartagena Cine y Tv Cultura Noticias colombia actualidad amazonas noticiasamazonas";;;# Noticias# colombia# actualidad# amazonas# noticiasamazonas;"1196955326609797121";https://twitter.com/NoticiasAmazon/status/1196955326609797121;Tendencia positiva;0.559800888317284
EliAkerman;2019-11-19 19:28;0;0;"COMPARTE Si el Amazonas se sigue deforestando apptivista";;;# apptivistahttps;"1196948433732591616";https://twitter.com/EliAkerman/status/1196948433732591616;Muy positivo;0.7771855622469069
NoticiasAmazon;2019-11-19 19:15;0;0;"Elsa la protagonista de Frozen tiene miedo a ser diferente Cine y Tv Cultura Noticias colombia actualidad amazonas noticiasamazonas";;;# Noticias# colombia# actualidad# amazonas# noticiasamazonas;"1196945029929066497";https://twitter.com/NoticiasAmazon/status/1196945029929066497;Tendencia negativa;0.33661975149787876
NoticiasAmazon;2019-11-19 19:00;0;1;"Hallan a 25 personas en el contenedor nevera de un barco holandes Europa Internacional Noticias colombia actualidad amazonas noticiasamazonas";;;# Noticias# colombia# actualidad# amazonas# noticiasamazonas;"1196941271635546113";https://twitter.com/NoticiasAmazon/status/1196941271635546113;Muy negativo;0.12897483138525578
LordKballero;2019-11-19 18:41;0;0;"Soy Amazonas";;;;"1196936545128910849";https://twitter.com/LordKballero/status/1196936545128910849;Neutral;0.0
NoticiasAmazon;2019-11-19 18:20;0;0;"Condena a socialistas por corrupcion en Espana Europa Internacional Noticias colombia actualidad amazonas noticiasamazonas";;;# Noticias# colombia# actualidad# amazonas# noticiasamazonas;"1196931344594591745";https://twitter.com/NoticiasAmazon/status/1196931344594591745;Muy negativo;0.0718959830230572
Felipe_silva86;2019-11-19 18:01;8;11;"Increible que la quiera inyectarle cemento a esta zona hay otras formas ecologicas de hacerlo atractivo a los visitantes vayan al Amazonas para que aprendan";;@ AlcaldiaBGA@ CarlosParraBUC@ JCardenasRey@ figuerjoda@ ingrodolfohdez;;"1196926445874024449";https://twitter.com/Felipe_silva86/status/1196926445874024449;Muy positivo;0.9825872979940178
Avejhonnatan;2019-11-19 17:59;0;0;"Recomiendo este excelente documental de NatGeo sobre la primera expedicion cientifica en Chiribiquete Amazonas colombiano";;;;"1196926114947575808";https://twitter.com/Avejhonnatan/status/1196926114947575808;Tendencia negativa;0.44276629699898595
agenciamazonate;2019-11-19 16:55;0;0;"FotoDelDia caminatas por la selva del Amazonas son realizadas para encontrarse con la magia de la biodiversidad Espectacular Foto por Camilo Herrera AmazonasUnDestinoPorVivir";;;# FotoDelDia# Amazonas# AmazonasUnDestinoPorVivirpic;"1196909965904101381";https://twitter.com/agenciamazonate/status/1196909965904101381;Muy positivo;0.9975469083743099
PIDamazonia;2019-11-19 16:24;3;5;"ArticulosPID El pacto por la vida del amazonas colombiano una tarea de todos por Gina Paola Plaza miembro AmazoniaSujetoDeDerechos PIVAC";;@ PIDamazonia;# ArticulosPID# AmazoniaSujetoDeDerechos# PIVAC;"1196902129388183553";https://twitter.com/PIDamazonia/status/1196902129388183553;Muy positivo;0.6839036424913886
PaolaRojas_C;2019-11-19 15:34;0;1;"Esa mezcla la hice en el Amazonas Pero incluso asi me seguian picando Tengo un problema serio";;;;"1196889467421900800";https://twitter.com/PaolaRojas_C/status/1196889467421900800;Tendencia negativa;0.4246400373264352
NoticiasAmazon;2019-11-19 14:22;0;0;"Condenan a pareja de abuelos por conservar 271 obras de Picasso Europa Internacional Noticias colombia actualidad amazonas noticiasamazonas";;;# Noticias# colombia# actualidad# amazonas# noticiasamazonas;"1196871447622377477";https://twitter.com/NoticiasAmazon/status/1196871447622377477;Tendencia negativa;0.4215740537716771
NoticiasAmazon;2019-11-19 12:35;0;0;"Los peores desastres mediaticos de la corona britanica Europa Internacional Noticias colombia actualidad amazonas noticiasamazonas";;;# Noticias# colombia# actualidad# amazonas# noticiasamazonas;"1196844478595784705";https://twitter.com/NoticiasAmazon/status/1196844478595784705;Muy negativo;0.11657143791152715
SavingAmazon;2019-11-19 12:30;1;3;"Regala un arbol con el nombre de los que mas quieres Se sembrara un arbol en el Amazonas con el nombre que tu elijas Pasados 7 dias habiles la persona recibira a su correo electronico una carta con la foto del arbol y un certificado de donacion";;;;"1196843271026290688";https://twitter.com/SavingAmazon/status/1196843271026290688;Tendencia positiva;0.5097081479016545
yuliana_aag;2019-11-19 11:47;0;0;"La casa cultural MUTESA que hace 11 anos ha sido centro de acogida d mujeres indigenas desplazadas del Amazonas y de alternativas de ingresos economicos esta en riesgo de desalojo No les avisaron tampoco hay opciones de reubicacion Favor RT difundir";;@ mujertejersaber;;"1196832440637112320";https://twitter.com/yuliana_aag/status/1196832440637112320;Tendencia negativa;0.27955271718849556
PIDamazonia;2019-11-19 11:21;11;10;"AEstaHora se adelanta audiencia de rendicion de cuentas del Gobierno sobre sus acciones para frenar la deforestacion en el Amazonas JuicioALaDeforestacion Siguela en vivo en";;;# AEstaHora# JuicioALaDeforestacion;"1196825858868166656";https://twitter.com/PIDamazonia/status/1196825858868166656;Muy negativo;0.005981014037275073
mcarvajal28;2019-11-19 10:44;3;6;"Repost fundacionomacha with getrepost Fernando Trujillo Director Cientifico de la Fundacion Omacha hace una declaracion en CNN acerca de como los Delfines rosados e indigenas del Amazonas se ven afectados por";;;# Repost;"1196816494526681091";https://twitter.com/mcarvajal28/status/1196816494526681091;Muy positivo;0.7004796828045972
rommelleon;2019-11-19 08:22;0;0;"BBC News Mundo Deforestacion en el Amazonas la selva de Brasil sufre la mayor perdida de vegetacion desde 2008";;;;"1196780891487514624";https://twitter.com/rommelleon/status/1196780891487514624;Muy negativo;0.24552727012032913
NoticiasAmazon;2019-11-19 07:44;0;0;"Conmovedor homenaje a Cameron Boyce en el estreno de Descendientes 3 Cine y Tv Cultura Noticias colombia actualidad amazonas noticiasamazonas";;;# Noticias# colombia# actualidad# amazonas# noticiasamazonas;"1196771126300618752";https://twitter.com/NoticiasAmazon/status/1196771126300618752;Muy positivo;0.8615673169228258
notigludigital;2019-11-19 06:46;0;0;"La tasa de deforestacion del Amazonas alcanza el nivel mas alto en mas de una decada";;;;"1196756666001346560";https://twitter.com/notigludigital/status/1196756666001346560;Muy negativo;0.05528924396824615
NoticiasAmazon;2019-11-19 06:22;0;0;"Los grandes retos de Elias Koury Guevara Noticias colombia actualidad amazonas noticiasamazonas";;;# Noticias# colombia# actualidad# amazonas# noticiasamazonas;"1196750653151961089";https://twitter.com/NoticiasAmazon/status/1196750653151961089;Muy negativo;0.09099563927833607
NoticiasAmazon;2019-11-19 04:37;0;0;"La importancia de Venezuela en Alejandro Josue Ruiz Mazzeo Noticias colombia actualidad amazonas noticiasamazonas";;;# Noticias# colombia# actualidad# amazonas# noticiasamazonas;"1196724092734464003";https://twitter.com/NoticiasAmazon/status/1196724092734464003;Muy negativo;0.17434532735789138
NoticiasAmazon;2019-11-19 04:28;0;0;"La formacion academica de Elias Koury Guevara Noticias colombia actualidad amazonas noticiasamazonas";;;# Noticias# colombia# actualidad# amazonas# noticiasamazonas;"1196721888099274754";https://twitter.com/NoticiasAmazon/status/1196721888099274754;Muy negativo;0.1238752189439664
rjtsp990;2019-11-19 02:07;0;0;"El mayor oxigeno no lo da el Amazonas lo da el fitoplacton por eso cuando te limpies los excrementos fisiologicos con agua cuando compres algo con plastico piensa que estas quemando un arbol";;;;"1196686393306755072";https://twitter.com/rjtsp990/status/1196686393306755072;Muy negativo;0.11208757331909396
rjtsp990;2019-11-19 01:58;0;0;"Porque no obligan a que cada carro de combustion que se mueva en Norteamerica Europa China y Rusia siembre 10000 arboles al ano Se reemplazaria el Amazonas en 3 anos Todos queremos apoyar el cambio climatico sin cambiar nuestro estilo de vida";;;;"1196684046824329216";https://twitter.com/rjtsp990/status/1196684046824329216;Muy negativo;0.05712958536026325
RevistaSemana;2019-11-18 23:30;11;4;"En una reunion de con los gobernadores de nueve Estados del Amazonas para discutir los incendios de la region el mandatario los habria presionado para que respalden sus politicas de llevar operaciones mineras a territorios indigenas";;@ jairbolsonaro;;"1196646782400225281";https://twitter.com/RevistaSemana/status/1196646782400225281;Tendencia positiva;0.5677892997284416
hgil11;2019-11-18 22:49;0;0;"Exige ahora a y a que protejan al Amazonas";;@ jairbolsonaro@ evoespueblo;# Amazonas;"1196636701558525952";https://twitter.com/hgil11/status/1196636701558525952;Muy negativo;0.014601346491425048
meli_rojal;2019-11-18 22:24;0;0;"Como cuando vuelves a emocionarte con una telenovela y la disfrutas como si fuera la primera vez Eso me pasa en este momento con Las Amazonas";;;;"1196630315713880064";https://twitter.com/meli_rojal/status/1196630315713880064;Muy positivo;0.7664514973596042
lolobrillida;2019-11-18 22:06;0;0;"Amazonas tatuado en el corazon Felicidad por hacer lo que nos apasiona en todo el territorio colombiano Gracias a todo el equipo de actores y asistentes de Tengo Set de los 80 s Y gracias a Mildre Perez y todo";;;;"1196625701400645632";https://twitter.com/lolobrillida/status/1196625701400645632;Tendencia negativa;0.3778250344831972
NoticiasAmazon;2019-11-18 21:45;0;0;"No funciono Los angeles de Charlie Cine y Tv Cultura Noticias colombia actualidad amazonas noticiasamazonas";;;# Noticias# colombia# actualidad# amazonas# noticiasamazonas;"1196620452216619008";https://twitter.com/NoticiasAmazon/status/1196620452216619008;Muy negativo;0.0354954494158672
rucaslo;2019-11-18 21:16;0;0;"El empleo la salud la pension El Amazonas los recursos naturales el agua el aire etc";;;;"1196613192186761216";https://twitter.com/rucaslo/status/1196613192186761216;Tendencia negativa;0.4147823813244634
NoticiasAmazon;2019-11-18 20:10;0;0;"Entrevista con Roberto Enriquez actor de la seria Todo por el juego Cine y Tv Cultura Noticias colombia actualidad amazonas noticiasamazonas";;;# Noticias# colombia# actualidad# amazonas# noticiasamazonas;"1196596579530092544";https://twitter.com/NoticiasAmazon/status/1196596579530092544;Muy negativo;0.18208580054228313
Ing_Martin_V;2019-11-18 19:32;0;0;"Un estudio culpa a la deforestacion de la ola de fuegos en el Amazonas via";;@ cienciaplus;;"1196587057235279872";https://twitter.com/Ing_Martin_V/status/1196587057235279872;Muy negativo;0.017048133580089882
artesaniasdcol;2019-11-18 19:00;1;7;"En el centro de Bogota hay un lugar donde la magia artesanal brilla desde La Guajira hasta el Amazonas Recorre nuestro AlmacendelasAguas y encuentrate con la tradicion de nuestra tierra";;;# Bogota# AlmacendelasAguas;"1196579043891658754";https://twitter.com/artesaniasdcol/status/1196579043891658754;Muy positivo;0.9766438755287795
PirryOficial;2019-11-18 17:23;1189;4579;"Hablando de presidentes mentirosos Bolsonaro salio a decir que los incendios en el Amazonas este ano habian sido los normales Un grupo internacional de cientificos datos y estudios en mano han demostrado que fueron tres veces por encima de lo normal";;;;"1196554546606170112";https://twitter.com/PirryOficial/status/1196554546606170112;Muy negativo;0.09693416953091083
NoticiasAmazon;2019-11-18 17:23;0;0;"Nuevo golpe al partido popular de Espana por presunta corrupcion Europa Internacional Noticias colombia actualidad amazonas noticiasamazonas";;;# Noticias# colombia# actualidad# amazonas# noticiasamazonas;"1196554541363290112";https://twitter.com/NoticiasAmazon/status/1196554541363290112;Muy negativo;0.06133014247860805
RochiLlenadefe;2019-11-18 17:14;0;0;"Este jueves yo PARO paro pacificamente por el asesinato de los lideres sociales en Colombia por la deforestacion del Amazonas por los ninos que han muerto en un conflicto de adultos insconscientes por la";;;;"1196552159778791427";https://twitter.com/RochiLlenadefe/status/1196552159778791427;Muy negativo;0.02760670827097459
Edercata;2019-11-18 17:02;0;0;"y la noticia de portada seria si usted marchara pero creo que hasta las tribus indigenas perdidas del Amazonas sabia que no iva a marchar sobro decirlo";;@ VickyDavilaH;;"1196549195756441600";https://twitter.com/Edercata/status/1196549195756441600;Muy negativo;0.12488972193587915
NoticiasAmazon;2019-11-18 15:35;0;0;"The Hard Rock Hotel has everything for you to spend a few days of summer in the best style the activities are endless and the attractions extremely fun hardrock hardrockpuntacana";;;# hardrock# hardrockpuntacana;"1196527273676984320";https://twitter.com/NoticiasAmazon/status/1196527273676984320;Tendencia positiva;0.13666666666666666
NoticiasAmazon;2019-11-18 15:23;0;0;"Que pasa con la curul en concejos y asambleas cuando el voto en blanco queda de segundo Partidos Politicos Politica Noticias colombia actualidad amazonas noticiasamazonas";;;# Noticias# colombia# actualidad# amazonas# noticiasamazonas;"1196524336934510592";https://twitter.com/NoticiasAmazon/status/1196524336934510592;Muy negativo;0.027288769061023642
NoticiasAmazon;2019-11-18 13:32;0;0;"Justicia francesa investiga a cirujano que habria violado 250 menores Europa Internacional Noticias colombia actualidad amazonas noticiasamazonas";;;# Noticias# colombia# actualidad# amazonas# noticiasamazonas;"1196496461724344321";https://twitter.com/NoticiasAmazon/status/1196496461724344321;Muy negativo;0.05071603410939289
NoticiasAmazon;2019-11-18 11:20;0;0;"Estereo Picnic 2020 esta es la agenda por dias del festival Cine y Tv Cultura Noticias colombia actualidad amazonas noticiasamazonas";;;# Noticias# colombia# actualidad# amazonas# noticiasamazonas;"1196463155603496962";https://twitter.com/NoticiasAmazon/status/1196463155603496962;Muy positivo;0.6553684656626256
NoticiasAmazon;2019-11-18 11:05;0;0;"Nina de 11 anos grabo con su celular cuando cura la abuso sexualmente Europa Internacional Noticias colombia actualidad amazonas noticiasamazonas";;;# Noticias# colombia# actualidad# amazonas# noticiasamazonas;"1196459370009300992";https://twitter.com/NoticiasAmazon/status/1196459370009300992;Muy negativo;0.04373248855175527
NoticiasAmazon;2019-11-18 10:23;0;0;"El principe Andres criticado por la prensa Britanica por caso Epstein Cine y Tv Cultura Noticias colombia actualidad amazonas noticiasamazonas";;;# Noticias# colombia# actualidad# amazonas# noticiasamazonas;"1196448753374441472";https://twitter.com/NoticiasAmazon/status/1196448753374441472;Muy negativo;0.227249183139095
NoticiasAmazon;2019-11-18 09:08;0;0;"Hong Kong entra en etapa de protestas mas radical Asia Internacional Noticias colombia actualidad amazonas noticiasamazonas";;;# Noticias# colombia# actualidad# amazonas# noticiasamazonas;"1196429880239558657";https://twitter.com/NoticiasAmazon/status/1196429880239558657;Tendencia negativa;0.4630395792870031
NoticiasAmazon;2019-11-18 08:52;0;0;"De que me hablas viejo columna de Omar Rincon Cine y Tv Cultura Noticias colombia actualidad amazonas noticiasamazonas";;;# Noticias# colombia# actualidad# amazonas# noticiasamazonas;"1196425987979915265";https://twitter.com/NoticiasAmazon/status/1196425987979915265;Tendencia negativa;0.4110865920111522
NoticiasAmazon;2019-11-18 08:49;0;0;"El excelente rendimiento de Elias Koury Guevara en Conkor Noticias colombia actualidad amazonas noticiasamazonas";;;# Noticias# colombia# actualidad# amazonas# noticiasamazonas;"1196425148947140608";https://twitter.com/NoticiasAmazon/status/1196425148947140608;Muy negativo;0.11234691992907166
NoticiasAmazon;2019-11-18 08:36;0;0;"ELVIS MARTINEZ CONCERT AT THE HARD ROCK HOTEL IN PUNTA CANA Noticias colombia actualidad amazonas noticiasamazonas";;;# Noticias# colombia# actualidad# amazonas# noticiasamazonas;"1196421968473534465";https://twitter.com/NoticiasAmazon/status/1196421968473534465;Tendencia positiva;0.5313689199798789
NoticiasAmazon;2019-11-18 08:21;0;0;"FOURTH DELIVERY OF EXPERT TRAVELERS SUMMER GLAM AWARDS WERE AT THE HARD ROCK HOTEL IN PUNTA CANA Noticias colombia actualidad amazonas noticiasamazonas";;;# Noticias# colombia# actualidad# amazonas# noticiasamazonas;"1196418153011654656";https://twitter.com/NoticiasAmazon/status/1196418153011654656;Muy negativo;0.06726440200098317
NoticiasAmazon;2019-11-18 08:21;0;0;"The Hard Rock Hotel of Punta Cana to the delight of your special guests and you are one of them so organize your trip and come and enjoy the magic that the hotel has for you hardrock hardrockpuntacana";;;# hardrock# hardrockpuntacanahttps;"1196418097755938816";https://twitter.com/NoticiasAmazon/status/1196418097755938816;Tendencia positiva;0.24136904761904762
SosSemana;2019-11-18 08:14;15;14;"En una reunion del presidente con los gobernadores de nueve estados del Amazonas para discutir los incendios de la region el mandatario los habria presionado para que respalden sus politicas en contra de los indigenas";;@ jairbolsonaro@ InstitutoSINCHIhttps;# Amazonas;"1196416333816180736";https://twitter.com/SosSemana/status/1196416333816180736;Muy negativo;0.019891708083921454
NoticiasAmazon;2019-11-18 06:49;0;0;"Elias Ramon Koury Guevara presente y futuro de Conkor Noticias colombia actualidad amazonas noticiasamazonas";;;# Noticias# colombia# actualidad# amazonas# noticiasamazonas;"1196394943687909376";https://twitter.com/NoticiasAmazon/status/1196394943687909376;Muy negativo;0.13748633155798148
NoticiasAmazon;2019-11-18 06:24;0;0;"Millonaria herencia que dejo el dictador Francisco Franco a su mujer y su hija Europa Internacional Noticias colombia actualidad amazonas noticiasamazonas";;;# Noticias# colombia# actualidad# amazonas# noticiasamazonas;"1196388584770682880";https://twitter.com/NoticiasAmazon/status/1196388584770682880;Muy negativo;0.18438159416259994
NoticiasAmazon;2019-11-18 04:49;0;0;"Alejandro Ruiz Mazzeo tradicion y compromiso Noticias colombia actualidad amazonas noticiasamazonas";;;# Noticias# colombia# actualidad# amazonas# noticiasamazonas;"1196364745898692608";https://twitter.com/NoticiasAmazon/status/1196364745898692608;Muy negativo;0.24687954283677394
miahmusica;2019-11-17 20:33;0;11;"Ver el rio amazonas en la frontera entre colombia y brasil una de mis mejores experiencias";;;;"1196240046971592705";https://twitter.com/miahmusica/status/1196240046971592705;Muy positivo;0.9463264708043176
la_torrres;2019-11-17 19:12;0;3;"Amazonas Colombia";;;;"1196219687786483713";https://twitter.com/la_torrres/status/1196219687786483713;Tendencia positiva;0.541333260777616
agenciamazonate;2019-11-17 18:30;0;2;"FotoDelDia lo mas hermoso y representativo del Amazonas sus paisajes de atardeceres y los nativos Foto por Camilo Herrera AmazonasUnDestinoPorVivir";;;# FotoDelDia# Amazonas# AmazonasUnDestinoPorVivirpic;"1196208896836349952";https://twitter.com/agenciamazonate/status/1196208896836349952;Muy positivo;0.9976286068200034
efemequetrefe;2019-11-17 12:13;1;11;"Tengo muchas expectativas por mis vacaciones en el Amazonas Ojala sean increibles y me quede alla muerto por malaria";;;;"1196114209068797954";https://twitter.com/efemequetrefe/status/1196114209068797954;Muy positivo;0.8720588874042124
agenciamazonate;2019-11-17 10:29;0;1;"TourDelDia En un viaje de 85 kilometros por todo el trapecio Amazonico conoceras cinco puntos turisticos diferentes y llenos de magia ademas de probar la deliciosa gastronomia del Amazonas Conoce mas aqui AmazonasUnDestinoPorVivir";;;# TourDelDia# Amazonas# AmazonasUnDestinoPorVivir;"1196088098653913088";https://twitter.com/agenciamazonate/status/1196088098653913088;Muy positivo;0.9993307632298255
NoticiasAmazon;2019-11-17 02:50;0;0;"En secreto presidente africano que resulto amigo del Tino Asprilla Partidos Politicos Politica Noticias colombia actualidad amazonas noticiasamazonas";;;# Noticias# colombia# actualidad# amazonas# noticiasamazonas;"1195972475550605313";https://twitter.com/NoticiasAmazon/status/1195972475550605313;Muy negativo;0.2462464430795474
NoticiasAmazon;2019-11-17 02:09;0;0;"Muro de Berlin paises siguen esperando promesas de progreso Europa Internacional Noticias colombia actualidad amazonas noticiasamazonas";;;# Noticias# colombia# actualidad# amazonas# noticiasamazonas;"1195962074842779648";https://twitter.com/NoticiasAmazon/status/1195962074842779648;Muy negativo;0.07818528328698632
NoticiasAmazon;2019-11-17 01:29;0;0;"Entrevista con Luis Alberto Restrepo director de Amigo de nadie Cine y Tv Cultura Noticias colombia actualidad amazonas noticiasamazonas";;;# Noticias# colombia# actualidad# amazonas# noticiasamazonas;"1195951959829819392";https://twitter.com/NoticiasAmazon/status/1195951959829819392;Muy negativo;0.11810661824133369
jobscolombia;2019-11-17 01:12;0;0;"Desarrollador PL SQL Amazonas";;;;"1195947746110459904";https://twitter.com/jobscolombia/status/1195947746110459904;Muy negativo;0.03041825099325551
NoticiasAmazon;2019-11-17 00:28;0;0;"Roland Emmerich habla de su nueva pelicula Midway batalla en el Pacifico Cine y Tv Cultura Noticias colombia actualidad amazonas noticiasamazonas";;;# Noticias# colombia# actualidad# amazonas# noticiasamazonas;"1195936786180136960";https://twitter.com/NoticiasAmazon/status/1195936786180136960;Tendencia negativa;0.4475008780128281
NoticiasAmazon;2019-11-17 00:09;0;0;"Servicios de streaming que compiten con Disney Cine y Tv Cultura Noticias colombia actualidad amazonas noticiasamazonas";;;# Noticias# colombia# actualidad# amazonas# noticiasamazonas;"1195931868476166144";https://twitter.com/NoticiasAmazon/status/1195931868476166144;Tendencia negativa;0.3711600074101733
DairoVertel;2019-11-16 22:29;0;0;"Sabes quien tuvo la culpa Exacto el presidente que se paso por la faja el referendo que perdio y se robo unas elecciones incendiaste a tu pais asi como incendiaste el Amazonas eres una de las peores alimanas que haya conocido este continente pero vas por ahi como si nada";;;;"1195906713645391872";https://twitter.com/DairoVertel/status/1195906713645391872;Muy negativo;0.0072295343288470695
NoticiasAmazon;2019-11-16 21:58;0;0;"Entrevista con el actor argentino Ricardo Darin por La odisea de los giles Cine y Tv Cultura Noticias colombia actualidad amazonas noticiasamazonas";;;# Noticias# colombia# actualidad# amazonas# noticiasamazonas;"1195899080389677056";https://twitter.com/NoticiasAmazon/status/1195899080389677056;Tendencia negativa;0.34805250720166175
NoticiasAmazon;2019-11-16 18:55;0;0;"Historia de vida de coreografo Alvaro Restrepo Cine y Tv Cultura Noticias colombia actualidad amazonas noticiasamazonas";;;# Noticias# colombia# actualidad# amazonas# noticiasamazonas;"1195852877367070721";https://twitter.com/NoticiasAmazon/status/1195852877367070721;Muy negativo;0.21678008082978753
janayaish;2019-11-16 18:48;0;2;"Cierto Aunque mas que misterioso diria que es super exotico Con una exclusiva variedad de paisajes todos los pisos termicos todas las edades del hombre desde los nomadas del Amazonas hasta los Cyborgs de hoy en dia Y desde los mas Espirituales hasta los mas siniestros";;;# Espirituales;"1195851137406160897";https://twitter.com/janayaish/status/1195851137406160897;Muy positivo;0.9932254261631785
melkotorres;2019-11-16 17:49;0;0;"Esa era la razon por la que estaba tumbando el Amazonas";;;;"1195836280279568385";https://twitter.com/melkotorres/status/1195836280279568385;Muy negativo;0.04844281869194466
NoticiasAmazon;2019-11-16 17:45;0;0;"Come to the Hard Rock Hotel and live the best vacations of your life just as the great artists do hardrockpuntacana hardrock";;;# hardrockpuntacana# hardrock;"1195835200015654916";https://twitter.com/NoticiasAmazon/status/1195835200015654916;Tendencia positiva;0.41117424242424244
gatb632;2019-11-16 17:30;0;0;"OFICIALMENTE CONFEPASO OTORGA LA XIII MUNDIAL DE JINETES Y AMAZONAS A ASDEOCCIDENTE Nos permitimos informarles que ha sido asignada a ASDEOCCIDENTE LA MUNDIAL DE CHALANERIA 2020 Evento que posicionara al";;;;"1195831409430147073";https://twitter.com/gatb632/status/1195831409430147073;Neutral;0.0
Hablemosdecaba1;2019-11-16 17:16;0;0;"OFICIALMENTE CONFEPASO OTORGA LA XIII MUNDIAL DE JINETES Y AMAZONAS A ASDEOCCIDENTE Nos permitimos informarles que ha sido asignada a ASDEOCCIDENTE LA MUNDIAL DE CHALANERIA 2020 Evento que posicionara al";;;;"1195827898889969664";https://twitter.com/Hablemosdecaba1/status/1195827898889969664;Neutral;0.0
agenciamazonate;2019-11-16 11:17;1;1;"RecomendacionDelDia En nuestro blog conoce todos los datos curiosos sobre el mamifero mas mitologico del Amazonas el delfin rosado AmazonasUnDestinoPorVivir";;;# RecomendacionDelDia# blog# Amazonas# AmazonasUnDestinoPorVivir;"1195737550620680195";https://twitter.com/agenciamazonate/status/1195737550620680195;Tendencia negativa;0.43662652056523793
NoticiasAmazon;2019-11-16 11:15;0;0;"The Hotel Hard Rock of Punta Cana has been the best place where you have stayed and therefore it has been worthy of becoming your second home hardrock hardrockpuntacana";;;# hardrock# hardrockpuntacana;"1195737068749643777";https://twitter.com/NoticiasAmazon/status/1195737068749643777;Tendencia positiva;0.2983333333333333
NoticiasAmazon;2019-11-16 10:45;0;0;"The best atmosphere the best fun and the best attention is only the Hard Rock Hotel in Punta Cana everything here is magical it is exciting it is fun and intriguing hardrock hardrockpuntacana";;;# hardrock# hardrockpuntacana;"1195729515164717056";https://twitter.com/NoticiasAmazon/status/1195729515164717056;Tendencia positiva;0.4408333333333333
Colombianvacat;2019-11-16 09:50;1;1;"BLACK FRIDAY TODO INCLUIDO Amazonas LaGuajira SantaMarta Cancun Curacao Para viajar en 2019 y 2020 salidas desde Pereira Cali Medellin Bogota 16Nov BuenSabado Whatsapp 319 374 88 53 reserva con el 10 paga a cuotas facil viajar";;;# Amazonas# LaGuajira# SantaMarta# Cancun# Curacao# Pereira# Cali# Medellin# Bogota# 16Nov# BuenSabado# viajar;"1195715831025590274";https://twitter.com/Colombianvacat/status/1195715831025590274;Muy negativo;0.061545985435138645
husatov;2019-11-16 09:22;0;0;"Minambiente preocupese por deforestacion Amazonas Q esta haciendo nada Ud es un inepto o complice d deforestadores q buscan ampliar haciendas ganaderas Igual d inepto a su jefe Duque";;;;"1195708749257854976";https://twitter.com/husatov/status/1195708749257854976;Muy negativo;0.0017155710469605899
Catorce6;2019-11-16 09:00;0;0;"LoMasVisto Brasil revoco decreto que impedia cultivos de cana en el Amazonas";;;# LoMasVisto;"1195703106224312320";https://twitter.com/Catorce6/status/1195703106224312320;Muy negativo;0.054186662899163233
camcris2011;2019-11-16 08:04;0;0;"Eeee pues el que esta quemando el Amazonas es el presidente de Brasil si de derecha Evo obtuvo mas votos que el mismo referendum pues si la policia y el ejercito le dan la espalda al preso que puede hacer Un evidente golpe de estado";;;;"1195689125023752192";https://twitter.com/camcris2011/status/1195689125023752192;Muy negativo;0.005103676281692505
kammpler;2019-11-16 07:57;0;1;"Sizas princesa el mejor de todos Pero para prenderle candela al amazonas robarse el referendo y salir corriendo como un delincuente confeso";;;;"1195687288484880385";https://twitter.com/kammpler/status/1195687288484880385;Tendencia negativa;0.45839325305097167
RevistaSemana;2019-11-16 07:05;26;51;"Uitotos del Amazonas y el veneno del mercurio esta investigacion transmedia Premio Simon Bolivar en 2018 recibio el nuevo galardon que organiza el portal KienyKe Vea el especial";;;;"1195674129464205313";https://twitter.com/RevistaSemana/status/1195674129464205313;Muy positivo;0.7294529821983836
NoticiasAmazon;2019-11-16 06:25;0;0;"The Hard Rock Hotel has created an entire itinerary for the enjoyment of each and every guest according to their travel situation plan for complete families with adults and children plan for couples friends plan hardrock hardrockpuntacana";;;# hardrock# hardrockpuntacana;"1195664121259274241";https://twitter.com/NoticiasAmazon/status/1195664121259274241;Tendencia negativa;-0.0638888888888889
NoticiasAmazon;2019-11-16 03:37;0;0;"Christian Bale habla de su personaje en Ford vs Ferrari Cine y Tv Cultura Noticias colombia actualidad amazonas noticiasamazonas";;;# Noticias# colombia# actualidad# amazonas# noticiasamazonas;"1195621985608503296";https://twitter.com/NoticiasAmazon/status/1195621985608503296;Muy negativo;0.22909477599679076
NoticiasAmazon;2019-11-16 01:37;0;0;"Maria Fernanda Cabal confunde youtubers famosos con guerrilleros Farc Partidos Politicos Politica Noticias colombia actualidad amazonas noticiasamazonas";;;# Noticias# colombia# actualidad# amazonas# noticiasamazonas;"1195591788817502215";https://twitter.com/NoticiasAmazon/status/1195591788817502215;Muy negativo;0.018549281655453883
mas_monton;2019-11-16 00:20;0;0;"La senora ofrecio excusas por la equivocacion y borro el tweet Ya quemaste el Amazonas puerco";;;;"1195572325263040512";https://twitter.com/mas_monton/status/1195572325263040512;Muy negativo;0.007322019977112562
NoticiasAmazon;2019-11-15 23:37;0;0;"Citadinos desde este 16 de noviembre por City Cine y Tv Cultura Noticias colombia actualidad amazonas noticiasamazonas";;;# Noticias# colombia# actualidad# amazonas# noticiasamazonas;"1195561588830408705";https://twitter.com/NoticiasAmazon/status/1195561588830408705;Muy positivo;0.8424300864031068
NoticiasAmazon;2019-11-15 21:56;0;0;"Asi es la nueva protagonista de la serie The Crown Cine y Tv Cultura Noticias colombia actualidad amazonas noticiasamazonas";;;# Noticias# colombia# actualidad# amazonas# noticiasamazonas;"1195536112044957696";https://twitter.com/NoticiasAmazon/status/1195536112044957696;Tendencia negativa;0.346560477292574
NoticiasAmazon;2019-11-15 21:37;0;0;"De que me hablas viejo columna de Omar Rincon critico de television Cine y Tv Cultura Noticias colombia actualidad amazonas noticiasamazonas";;;# Noticias# colombia# actualidad# amazonas# noticiasamazonas;"1195531405184376832";https://twitter.com/NoticiasAmazon/status/1195531405184376832;Tendencia negativa;0.39980840287119274
putorockero;2019-11-15 21:20;0;0;"No puedo creer a donde hemos llegado crearle una cancion a este asesino canibal violador de ninos y ademas destructor del amazonas";;;;"1195526960337899520";https://twitter.com/putorockero/status/1195526960337899520;Muy negativo;0.006789749671772501
NoticiasAmazon;2019-11-15 20:09;0;0;"La foto inedita de el chavo del 8 que compartio el nieto de Don Ramon Cine y Tv Cultura Noticias colombia actualidad amazonas noticiasamazonas";;;# Noticias# colombia# actualidad# amazonas# noticiasamazonas;"1195509044599042051";https://twitter.com/NoticiasAmazon/status/1195509044599042051;Tendencia positiva;0.6091022648651535
leobaq;2019-11-15 18:50;0;3;"Acciones reales sobre el cambio climatico Colombia debe liderar estrategias y dar ejemplo en America Latina Amazonas en riesgo Todos a cumplir con GlobalGoals ClimateAction";;@ MinAmbienteCohttps;# Colombia# Amazonas# GlobalGoals# ClimateAction;"1195489183697113088";https://twitter.com/leobaq/status/1195489183697113088;Muy negativo;0.04167288097483912
miahmusica;2019-11-15 18:39;0;5;"Oficialmente en el amazonas de mi tierra Colombiana";;;;"1195486480313069568";https://twitter.com/miahmusica/status/1195486480313069568;Tendencia negativa;0.3817881667764236
andresczy;2019-11-15 18:25;0;0;"COMPARTE Si el Amazonas se sigue deforestando apptivista";;;# apptivistahttps;"1195483076786343937";https://twitter.com/andresczy/status/1195483076786343937;Muy positivo;0.7771855622469069
NoticiasAmazon;2019-11-15 18:08;0;0;"Conozca la historia de amor entre Juanes y Metallica Cine y Tv Cultura Noticias colombia actualidad amazonas noticiasamazonas";;;# Noticias# colombia# actualidad# amazonas# noticiasamazonas;"1195478655142649856";https://twitter.com/NoticiasAmazon/status/1195478655142649856;Tendencia negativa;0.38552899544881025
NoticiasAmazon;2019-11-15 17:46;0;0;"Contra lo imposible Matt Damon habla de su nueva pelicula Cine y Tv Cultura Noticias colombia actualidad amazonas noticiasamazonas";;;# Noticias# colombia# actualidad# amazonas# noticiasamazonas;"1195473268318375936";https://twitter.com/NoticiasAmazon/status/1195473268318375936;Tendencia negativa;0.38208932504043497
NoticiasAmazon;2019-11-15 15:46;0;0;"Falsa cadena sobre la Senorita Colombia y las Farc Partidos Politicos Politica Noticias colombia actualidad amazonas noticiasamazonas";;;# Noticias# colombia# actualidad# amazonas# noticiasamazonas;"1195443089613164544";https://twitter.com/NoticiasAmazon/status/1195443089613164544;Muy negativo;0.014805634304559655
RevistaSemana;2019-11-15 15:40;16;26;"EnVideo Uitotos del Amazonas y el veneno del mercurio esta investigacion transmedia Premio Simon Bolivar en 2018 anoche recibio el nuevo galardon que organiza el portal KienyKe Vea el especial aqui";;;# EnVideo;"1195441339632177153";https://twitter.com/RevistaSemana/status/1195441339632177153;Muy positivo;0.6648243530633153
_MGO_2014;2019-11-15 13:37;4;21;"Bravo Yo ademas de prestar mi servicio como Lancero prefiriendo ir al Amazonas antes que palanquearme el Sinai y sali ST de la Reserva me gradue de la Universidad Militar y marchare porque esto es cuestion de verdadero amor de Patria y no de manipulacion de elite corrupta";;;;"1195410467801518085";https://twitter.com/_MGO_2014/status/1195410467801518085;Tendencia negativa;0.43166247804010055
RevistaSemana;2019-11-15 12:00;6;15;"Uitotos del Amazonas y el veneno del mercurio esta investigacion transmedia Premio Simon Bolivar en 2018 anoche recibio el nuevo galardon que organiza el portal KienyKe Vea el especial";;;;"1195385975540715522";https://twitter.com/RevistaSemana/status/1195385975540715522;Muy positivo;0.6648243530633153
BIBOCol;2019-11-15 11:00;0;0;"Denuncian extraccion masiva de ranas mono en Amazonas";;;;"1195370880995450882";https://twitter.com/BIBOCol/status/1195370880995450882;Muy negativo;0.12493236640323144
LilibetRa_Mos;2019-11-15 10:36;0;0;"Denuncian extraccion masiva de ranas mono en Amazonas via";;@ elespectador;;"1195364859547918336";https://twitter.com/LilibetRa_Mos/status/1195364859547918336;Muy negativo;0.1012375758671525
Fedegan;2019-11-15 10:26;4;8;"Fedegan les da a conocer el pronostico del tiempo del densas nubes sobrevolaran la Amazonia lo cual puede ocasionar lluvias de variada intensidad sobre extensos sectores de Guainia Caqueta Putumayo y Amazonas En Bogota puede haber lloviznas ocasionales";;@ IDEAMColombia;# Fedegan# Bogota;"1195362479678906369";https://twitter.com/Fedegan/status/1195362479678906369;Tendencia negativa;0.3084970765892046
juansemoss;2019-11-15 10:21;0;0;"129 millones de hectareas de bosque perdio el planeta en los ultimos 25 anos Colombia es un gran protagonista de este logro aportando 5 915 300 hectareas Muy buen trabajo paladines de la destruccion del medio ambiente Y vamos por mas deforestation Amazonas";;;# deforestation# Amazonas;"1195361267147530240";https://twitter.com/juansemoss/status/1195361267147530240;Tendencia positiva;0.6250664340641344
uribemassantos;2019-11-15 09:10;0;0;"Siempre sera especial visitar el Amazonas tenga toda autonomia";;;;"1195343389400666113";https://twitter.com/uribemassantos/status/1195343389400666113;Muy positivo;0.8546459243070093
NoticiasAmazon;2019-11-15 08:38;0;0;"El camino de Alejandro Ruiz Mazzeo Noticias colombia actualidad amazonas noticiasamazonas";;;# Noticias# colombia# actualidad# amazonas# noticiasamazonas;"1195335198512156673";https://twitter.com/NoticiasAmazon/status/1195335198512156673;Muy negativo;0.17519623472953014
NoticiasAmazon;2019-11-15 08:19;2;1;"La segunda temporada de la serie El general Naranjo trae el horror del narcotrafico Cine y Tv Cultura Noticias colombia actualidad amazonas noticiasamazonas";;;# Noticias# colombia# actualidad# amazonas# noticiasamazonas;"1195330427210338304";https://twitter.com/NoticiasAmazon/status/1195330427210338304;Muy negativo;0.08931542853536212
lolobrillida;2019-11-15 08:10;0;0;"en Leticia Amazonas";;;;"1195328182825697281";https://twitter.com/lolobrillida/status/1195328182825697281;Tendencia positiva;0.541333260777616
lolobrillida;2019-11-15 08:00;0;0;"en Leticia Amazonas";;;;"1195325666436276234";https://twitter.com/lolobrillida/status/1195325666436276234;Tendencia positiva;0.541333260777616
NoticiasAmazon;2019-11-15 06:38;0;0;"La evolucion de la Constructora Conkor Noticias colombia actualidad amazonas noticiasamazonas";;;# Noticias# colombia# actualidad# amazonas# noticiasamazonas;"1195304975766839298";https://twitter.com/NoticiasAmazon/status/1195304975766839298;Muy negativo;0.014036344762735253
NoticiasAmazon;2019-11-15 06:13;0;0;"SUMMER FUN AT THE HARD ROCK STYLE OF PUNTA CANA Noticias colombia actualidad amazonas noticiasamazonas";;;# Noticias# colombia# actualidad# amazonas# noticiasamazonas;"1195298708780396545";https://twitter.com/NoticiasAmazon/status/1195298708780396545;Muy negativo;0.09550054783811837
NoticiasAmazon;2019-11-15 06:07;0;0;"Netflix evivira Un policia suelto en Beverly Hills de la mano de Eddie Murphy Cine y Tv Cultura Noticias colombia actualidad amazonas noticiasamazonas";;;# Noticias# colombia# actualidad# amazonas# noticiasamazonas;"1195297161400979456";https://twitter.com/NoticiasAmazon/status/1195297161400979456;Muy negativo;0.061978926877964316
NoticiasAmazon;2019-11-15 06:01;0;0;"El derrumbe britanico Analisis Leonardo Villar Europa Internacional Noticias colombia actualidad amazonas noticiasamazonas";;;# Noticias# colombia# actualidad# amazonas# noticiasamazonas;"1195295846440611840";https://twitter.com/NoticiasAmazon/status/1195295846440611840;Tendencia negativa;0.25116835049913083
sandraxab;2019-11-14 18:59;2;3;"BLACKFRIDAY esta out Unete al VERDE del Amazonas Guayacanes LosFarrallones Montserrate Tayrona Bahiasolano y todo lo hermoso de este Planeta Unete a estas alternativas de productos sostenibles en Colombia GREENFRIDAY Si no lo nece";;;# VERDE# Amazonas# Guayacanes# LosFarrallones# Montserrate# Tayrona# Bahiasolano# Planeta# sostenibles# Colombia# GREENFRIDAY;"1195129207589765120";https://twitter.com/sandraxab/status/1195129207589765120;Muy positivo;0.9635341679627263
ADR_Colombia;2019-11-14 16:41;0;2;"El encuentro que se realiza en la capital del pais cuenta con la participacion de 320 mujeres lideresas comunales de Sucre Amazonas Casanare Caqueta San Andres y Narino entre otros departamentos del pais MujerColombiana DiaDeLaMujerColombiana";;;# MujerColombiana# DiaDeLaMujerColombianapic;"1195094455134621696";https://twitter.com/ADR_Colombia/status/1195094455134621696;Muy positivo;0.7278993924195101
ACHerpetos;2019-11-14 14:26;5;5;"Denuncias sobre el trafico de Phyllomedusa bicolor en el Amazonas Esperando que las autoridades ambientales investiguen y encuentren a los responsables trafico anfibios";;@ ZagaPodcast@ elespectador;# trafico# anfibioshttps;"1195060508556251137";https://twitter.com/ACHerpetos/status/1195060508556251137;Muy negativo;0.0016098082281405112
fonturcol;2019-11-14 12:00;0;2;"Al visitar Puerto Narino en el Amazonas asegurate de visitar nuestro PIT para que podamos brindarte informacion util sobre este hermoso destino InformatePorColombia mas info";;;# PIT# InformatePorColombia;"1195023593890971648";https://twitter.com/fonturcol/status/1195023593890971648;Muy positivo;0.9447974897539819
nocancanies;2019-11-14 07:28;0;1;"La guajira o amazonas";;;;"1194955252409290752";https://twitter.com/nocancanies/status/1194955252409290752;Neutral;0.0
InstitucionalTV;2019-11-13 20:49;5;5;"Atencion ocho regionales del seran anfitrionas de diez campamentos de entrenamiento de formacion";;@ SENAComunica@ SENA_Cauca@ SENA_Antioquia@ SenaAtlantico@ SENAQuindio@ SenaGuajira@ SENA_Amazonas;# Atencion;"1194794326225833984";https://twitter.com/InstitucionalTV/status/1194794326225833984;Muy positivo;0.8162628597255513
FuerzaAereaCol;2019-11-13 20:37;9;35;"En cumplimiento de la mision Institucional el Grupo Aereo del Amazonas GAAMA transporto a dos menores de edad en condiciones de riesgo garantizandoles sus derechos desde el area de Araracuara hasta Leticia Ver mas";;@ FuerzaAereaCol;# GAAMA;"1194791338925002752";https://twitter.com/FuerzaAereaCol/status/1194791338925002752;Tendencia negativa;0.3597702124695739
NadiaGutierrezG;2019-11-13 19:19;0;1;"Amazonas";;;;"1194771798182772736";https://twitter.com/NadiaGutierrezG/status/1194771798182772736;Neutral;0.0
agenciamazonate;2019-11-13 16:30;0;2;"FotoDelDia disfrutando de un dia de tranquilidad y contacto con la naturaleza del Amazonas en una cabana ubicada a 12 metros de altura Fantastico Foto por Camilo Herrera AmazonasUnDestinoPorVivir";;;# FotoDelDia# Amazonas# AmazonasUnDestinoPorVivirpic;"1194729147072962564";https://twitter.com/agenciamazonate/status/1194729147072962564;Muy positivo;0.8733127975411774
BIBOCol;2019-11-13 13:00;5;14;"Subastaran obras de arte en Bogota para financiar proyectos que preserven el Amazonas";;;;"1194676301636014080";https://twitter.com/BIBOCol/status/1194676301636014080;Tendencia negativa;0.4052962645279088
paulinski01;2019-11-13 12:43;0;0;"Que mentira Evo perdio su propio referendum para la 4ta reeleccion y pisando sobre la soberania popular se volvio a lanzar Habia perdido apoyo dentro de los propios indigenas por las quemas en el amazonas y ahora las elecciones se paran por 24hr y gana con la ventaja necesaria";;;;"1194672124297912321";https://twitter.com/paulinski01/status/1194672124297912321;Muy negativo;0.0010689992900250248
DrNickolaz;2019-11-13 11:32;0;0;"500 ANOS DE TRISTEZA Vinieron por el litio y el gas en Bolivia Antes por el oro del Peru y la plata de Potosi Las bananas de centroamerica El caucho del amazonas el petroleo de Venezuela El azucar y el tabaco de cuba El cafe de Colombia El cobre de Chile";;;;"1194654292696817664";https://twitter.com/DrNickolaz/status/1194654292696817664;Muy negativo;0.02145573447116395
DonEscarnio;2019-11-13 11:13;0;0;"Y por los tiburones por le fracking por el amazonas la mineria y muchas mas";;;;"1194649456920203266";https://twitter.com/DonEscarnio/status/1194649456920203266;Muy negativo;0.01371161238040198
MegustaleerCo;2019-11-13 11:02;2;3;"Raulff esta tan comodo haciendo analisis etimologicos como reflexionando sobre la Escuela de Chicago Clint Eastwood o las miticas Amazonas y sin perder a ningun lector por el camino Raudo y emocionante como un cosa o al galope Susana Forrest del Literary Review";;;;"1194646827607441408";https://twitter.com/MegustaleerCo/status/1194646827607441408;Muy positivo;0.7632958796213758
jerojasrodrigue;2019-11-13 10:34;29;49;"El Fracking deforestacion de medio millon de hectareas en el Amazonas la defensa del paramo de Santurban son tambien poderosas razones para el paro21denoviembre El Plan Nacional de Desarrollo de pone en peligro agua vida y territorios y por eso YoApoyoElParo";;@ IvanDuque;# paro21denoviembre# YoApoyoElParopic;"1194639586456166400";https://twitter.com/jerojasrodrigue/status/1194639586456166400;Muy negativo;0.014497872976610976
agenciamazonate;2019-11-13 10:30;0;1;"ViajaAlAmazonas Haz un recorrido ecologico y educativo por el parque ecologico Mundo Amazonico para conocer el jardin botanico mas grande del Amazonas Cotiza esta actividad aqui AmazonasUnDestinoPorVivir";;;# ViajaAlAmazonas# Amazonas# AmazonasUnDestinoPorVivirpic;"1194638550114979840";https://twitter.com/agenciamazonate/status/1194638550114979840;Muy positivo;0.9914356266755004
Contagioradio1;2019-11-13 09:44;0;0;"AlAire No tenemos la vision de que los medios tradicionales se vayan a acabar En el Amazonas viven a traves de la radio se comunican a traves de la TV y los periodicos Daniela Vivero de";;@ kienyke;# AlAire;"1194627127301197826";https://twitter.com/Contagioradio1/status/1194627127301197826;Muy positivo;0.9636055289093192
Orlandoextremo;2019-11-13 09:19;0;0;"Juez ordena anular 111 concesiones mineras en el norte de Amazonas";;;;"1194620789535989761";https://twitter.com/Orlandoextremo/status/1194620789535989761;Muy negativo;0.01811641230681603
felipiusmonk;2019-11-13 08:24;0;1;"Amazonas y a la ciudad perdida";;;;"1194606842879627264";https://twitter.com/felipiusmonk/status/1194606842879627264;Tendencia negativa;0.45935290574913656
aqueo86;2019-11-13 06:37;0;0;"Bolivia fue un golpe de Estado cuando los militares se sublevan dan golpe de Estado Ademas recordemos que Evo si habia ganado lo que estaba en duda era el porcentaje era aproximado a 10 se demoraron unos resultados era como esperar los resultados de amazonas";;;;"1194579984012259331";https://twitter.com/aqueo86/status/1194579984012259331;Muy negativo;0.06988400937576472
esferazulorg;2019-11-13 04:01;0;0;"itsreone Visit and follow Brasil brazilviagens mulhernatureza caparaotour bahia minasgerais goiania riograndedosul capixabadagema amazonas saopaulo destinosimperdiveis";;@ esferazulorg;# brazilviagens# mulhernatureza# caparaotour# bahia# minasgerais# goiania# riograndedosul# capixabadagema# amazonas# saopaulo# destinosimperdiveis;"1194540707983347714";https://twitter.com/esferazulorg/status/1194540707983347714;Neutral;0.0
ferran_g28;2019-11-12 19:28;0;2;"Ano que me dieron 1999 Edad 7 Ahora 25 Estado sentimental soltero Ahora soltero Vivia Leticia amazonas Ahora popayan Mascotas 3 Ahora ninguna Eras feliz Si Ahora Si Comenta algo y te doy un ano";;;;"1194411696028356609";https://twitter.com/ferran_g28/status/1194411696028356609;Muy negativo;0.15739144550506373
ninfa_galatea;2019-11-12 17:49;0;1;"Imagina un trago de tequila y acto seguido lanzarte de un helicoptero directo al centro de un rio el rio Amazonas";;;;"1194386887185764353";https://twitter.com/ninfa_galatea/status/1194386887185764353;Tendencia positiva;0.5392108438331459
adrisgame;2019-11-12 17:16;2;10;"Descubrir la vida y la biodiversidad que existe en el Amazonas es increible Los delfines rosados las aves las ranitas los monos la selva la magnitud del rio Es magica nuestra tierra nuestra gente Tenemos que protegerlos junglelive";;;# junglelive;"1194378437374496768";https://twitter.com/adrisgame/status/1194378437374496768;Muy positivo;0.9637274091671404
tourvacations;2019-11-12 17:03;0;0;"Tranquilidad aire puro naturaleza y mucho mas en amazonas hotel Amazon On Vacation tehacefeliz tranquilidad naturaleza amazon brasil peru colombia cultura onvacationhotel kayak canopi";;;# amazonas# tehacefeliz# tranquilidad# naturaleza# amazon# brasil# peru# colombia# cultura# onvacationhotel# kayak# canopi;"1194375091255013376";https://twitter.com/tourvacations/status/1194375091255013376;Muy negativo;0.192281425993282
tourvacations;2019-11-12 17:01;0;0;"Tranquilidad aire puro naturaleza y mucho mas en amazonas hotel Amazon On Vacation tehacefeliz tranquilidad naturaleza amazon brasil peru colombia cultura onvacationhotel kayak canopi";;;# amazonas# tehacefeliz# tranquilidad# naturaleza# amazon# brasil# peru# colombia# cultura# onvacationhotel# kayak# canopi;"1194374666363658241";https://twitter.com/tourvacations/status/1194374666363658241;Muy negativo;0.192281425993282
UnidadVictimas;2019-11-12 16:24;0;2;"En Leticia Amazonas familias retornadas y reubicadas actualizan sus necesidades las cuales seran socializadas ante los nuevos mandatarios continuando asi con su proceso de reparacion UnidosPorLasVictimas";;;# Leticia# Amazonas# UnidosPorLasVictimaspic;"1194365416665239555";https://twitter.com/UnidadVictimas/status/1194365416665239555;Tendencia negativa;0.48204023636603643
OnVacationOfic;2019-11-12 14:50;1;4;"En el Amazonas tenemos transporte altamente confortable y altamente publicable o sino mira como nos quedo esta foto Ahorra y paga a cuotas sin intereses en llama gratis al 336 o consulta con tu asesor de confianza";;;;"1194341603684634626";https://twitter.com/OnVacationOfic/status/1194341603684634626;Muy negativo;0.22062590884272484
TodoEsCienciaCo;2019-11-12 09:47;0;1;"Ya les contaron de este lugar maravillo Estos son 10 caminos para encontrar el Amazonas Un texto de";;@ leidymarmalade;;"1194265455269203969";https://twitter.com/TodoEsCienciaCo/status/1194265455269203969;Muy positivo;0.9656832935104445
agenciamazonate;2019-11-12 09:34;1;1;"ViajaAlAmazonas Conoce la biodiversidad del Amazonas dando un paseo en kayak por los lagos afluentes del rio y disfrutando de la tranquilidad que transmite este lugar Conoce el plan completo aqui AmazonasUnDestinoPorVivir";;;# ViajaAlAmazonas# Amazonas# kayak# AmazonasUnDestinoPorVivirpic;"1194262202498396161";https://twitter.com/agenciamazonate/status/1194262202498396161;Muy positivo;0.990568763898001
lrubianofajardo;2019-11-12 09:13;0;0;"Juez ordena anular 111 concesiones mineras en el norte de Amazonas";;;;"1194256888503906304";https://twitter.com/lrubianofajardo/status/1194256888503906304;Muy negativo;0.01811641230681603
Catorce6;2019-11-12 08:30;0;0;"Internacional El gobierno de Brasil revoco el decreto firmado en 2009 que prohibia el cultivo de cana en el Amazonas";;;# Internacional;"1194246066071166976";https://twitter.com/Catorce6/status/1194246066071166976;Muy negativo;0.03054167125909442
widutocoach;2019-11-12 03:12;0;0;"Todo esta conectado visualizacion de la NASA muestra como el Amazonas depende del Sahara";;;;"1194165953870872578";https://twitter.com/widutocoach/status/1194165953870872578;Tendencia negativa;0.4258822974149437
NoticiasAmazon;2019-11-11 22:42;0;0;"Empezo la eleccion de Senorita Colombia Cine y Tv Cultura Noticias colombia actualidad amazonas noticiasamazonas";;;# Noticias# colombia# actualidad# amazonas# noticiasamazonas;"1194098011728687106";https://twitter.com/NoticiasAmazon/status/1194098011728687106;Muy negativo;0.23340229151892708
CanalTreceCO;2019-11-11 21:06;0;0;"Nosotros queriamos contar a traves de la musica nuestra region su biodiversidad y su cultura La gente tiene que sacarse de la cabeza que en el Amazonas andamos en taparabos cuenta un miembro de Omacha en Fractal";;;# Fractalpic;"1194073918367252481";https://twitter.com/CanalTreceCO/status/1194073918367252481;Muy positivo;0.9682844149276681
NoticiasAmazon;2019-11-11 20:31;0;0;"Suso el paspi se accidento Cine y Tv Cultura Noticias colombia actualidad amazonas noticiasamazonas";;;# Noticias# colombia# actualidad# amazonas# noticiasamazonas;"1194065057954570240";https://twitter.com/NoticiasAmazon/status/1194065057954570240;Tendencia negativa;0.2879552475058501
NoticiasAmazon;2019-11-11 18:51;0;0;"Renuncia Albert Rivera del partido Ciudadano tras derrota electoral Europa Internacional Noticias colombia actualidad amazonas noticiasamazonas";;;# Noticias# colombia# actualidad# amazonas# noticiasamazonas;"1194039969108639745";https://twitter.com/NoticiasAmazon/status/1194039969108639745;Muy negativo;0.06099264086423905
NoticiasAmazon;2019-11-11 15:25;0;0;"El polemico trino de Jose Felix Lafaurie sobre un supuesto ritual satanico Partidos Politicos Politica Noticias colombia actualidad amazonas noticiasamazonas";;;# Noticias# colombia# actualidad# amazonas# noticiasamazonas;"1193988079880683520";https://twitter.com/NoticiasAmazon/status/1193988079880683520;Muy negativo;0.023635363640924962
_serchtorres;2019-08-21 21:48;1;14;"Se sienge tanta impotencia con lo que esta pasando en Amazonas";;;;"1164368741796327425";https://twitter.com/_serchtorres/status/1164368741796327425;Muy negativo;0.11482870022188499